id;content;sent_at;edited_at;is_deleted
1;imbue;2024-08-28T19:55:46;2024-08-28T09:45:08;true
2;mmm boost or;2024-08-28T09:01:28;2024-08-28T02:23:29;true
3;youthfully acclaimed;2024-08-28T14:53:36;2024-08-27T22:25:01;false
4;tape apud beneficial;2024-08-28T14:43:23;2024-08-28T07:52:48;false
5;ha;2024-08-27T23:12:16;2024-08-28T07:35:12;true
6;handmade fortunately;2024-08-28T10:07:03;2024-08-28T11:34:14;true
7;ha quiver;2024-08-28T06:17:02;2024-08-27T21:39:14;true
8;annual;2024-08-27T23:43:30;2024-08-28T12:31:20;true
9;silently righteously after;2024-08-28T04:27:17;2024-08-27T21:39:14;false
10;inhabitant;2024-08-27T21:38:58;2024-08-28T08:59:26;true
